surname,name,phone_country,prefer,email,passport_id,phone_number,nummber_info,date,url
Wang,Menghua,US,faubourg,wanzigmenghua@hgmail.uu.me,OC9TJABG2,+12029788721,"{'id': 142917963, 'phone': '+12029788721', 'operator': 'virtual8', 'product': 'other', 'price': 3.5, 'status': 'RECEIVED', 'expires': '2021-08-16T15:21:01.609955277Z', 'sms': None, 'created_at': '2021-08-16T15:01:01.609955277Z', 'country': 'usa'}",2021-08-16 17:01:01.563,https://rendezvousparis.hermes.com/client/register/QKXSTX
Zhang,Gongceng,US,faubourg,zizhanggongceng@hgmail.uu.me,AIKOZ5JTO,+12252554842,"{'id': 142919079, 'phone': '+12252554842', 'operator': 'virtual8', 'product': 'other', 'price': 3.5, 'status': 'RECEIVED', 'expires': '2021-08-16T15:23:55.390146977Z', 'sms': None, 'created_at': '2021-08-16T15:03:55.390146977Z', 'country': 'usa'}",2021-08-16 17:03:55.354,https://rendezvousparis.hermes.com/client/register/AKF8J3
Hua,Xinggui,US,faubourg,huaxingguizi@hgmail.uu.me,4KGX6502D,+12252554810,"{'id': 142919413, 'phone': '+12252554810', 'operator': 'virtual8', 'product': 'other', 'price': 3.5, 'status': 'RECEIVED', 'expires': '2021-08-16T15:24:48.934036222Z', 'sms': None, 'created_at': '2021-08-16T15:04:48.934036222Z', 'country': 'usa'}",2021-08-16 17:04:48.890,https://rendezvousparis.hermes.com/client/register/WJWAVH
Ji,Danjian,US,faubourg,jidanjianzi@hgmail.uu.me,D1QFCDI7O,+12029788715,"{'id': 142921756, 'phone': '+12029788715', 'operator': 'virtual8', 'product': 'other', 'price': 3.5, 'status': 'RECEIVED', 'expires': '2021-08-16T15:30:37.539651209Z', 'sms': None, 'created_at': '2021-08-16T15:10:37.539651209Z', 'country': 'usa'}",2021-08-16 17:10:37.489,https://rendezvousparis.hermes.com/client/register/MSDEGS
Bu,Micheng,US,faubourg,bumichengzi@hgmail.uu.me,8AN0HQECN,+12252543881,"{'id': 142922366, 'phone': '+12252543881', 'operator': 'virtual8', 'product': 'other', 'price': 3.5, 'status': 'RECEIVED', 'expires': '2021-08-16T15:32:10.57112102Z', 'sms': None, 'created_at': '2021-08-16T15:12:10.57112102Z', 'country': 'usa'}",2021-08-16 17:12:10.537,https://rendezvousparis.hermes.com/client/register/VPH4BH
Zhu,Jieqie,US,faubourg,zhujieqiezi@hgmail.uu.me,QDQOUNI6C,+12029296250,"{'id': 142929807, 'phone': '+12029296250', 'operator': 'virtual8', 'product': 'other', 'price': 3.5, 'status': 'RECEIVED', 'expires': '2021-08-16T15:47:52.552263001Z', 'sms': None, 'created_at': '2021-08-16T15:27:52.552263001Z', 'country': 'usa'}",2021-08-16 17:27:52.495,https://rendezvousparis.hermes.com/client/register
Shui,Yuehua,US,faubourg,zishuiyuehua@hgmail.uu.me,KN3PMS7R5,+15203917234,"{'id': 142929955, 'phone': '+15203917234', 'operator': 'virtual8', 'product': 'other', 'price': 3.5, 'status': 'RECEIVED', 'expires': '2021-08-16T15:48:13.342306105Z', 'sms': None, 'created_at': '2021-08-16T15:28:13.342306105Z', 'country': 'usa'}",2021-08-16 17:28:13.285,https://rendezvousparis.hermes.com/client/register/HN24CJ
Hao,Beibie,US,faubourg,zihaobeibie@hgmail.uu.me,9OFVC6VAU,+12252544010,"{'id': 142930235, 'phone': '+12252544010', 'operator': 'virtual8', 'product': 'other', 'price': 3.5, 'status': 'RECEIVED', 'expires': '2021-08-16T15:48:52.078752219Z', 'sms': None, 'created_at': '2021-08-16T15:28:52.078752219Z', 'country': 'usa'}",2021-08-16 17:28:52.017,https://rendezvousparis.hermes.com/client/register/DSZEWJ
Qian,Jinceng,US,faubourg,qianjincengzi@hgmail.uu.me,LWBU90VU3,+12252674518,"{'id': 142931216, 'phone': '+12252674518', 'operator': 'virtual8', 'product': 'other', 'price': 3.5, 'status': 'RECEIVED', 'expires': '2021-08-16T15:51:01.789038956Z', 'sms': None, 'created_at': '2021-08-16T15:31:01.789038956Z', 'country': 'usa'}",2021-08-16 17:31:01.698,https://rendezvousparis.hermes.com/client/register/3R5MEY
Yun,Guangyi,US,faubourg,yunguazingyi@hgmail.uu.me,JBKFEX1KI,+12252544016,"{'id': 142931394, 'phone': '+12252544016', 'operator': 'virtual8', 'product': 'other', 'price': 3.5, 'status': 'RECEIVED', 'expires': '2021-08-16T15:51:23.191929137Z', 'sms': None, 'created_at': '2021-08-16T15:31:23.191929137Z', 'country': 'usa'}",2021-08-16 17:31:23.098,https://rendezvousparis.hermes.com/client/register/MYRRX6
Hua,Jingfu,US,faubourg,huajingfuzi@hgmail.uu.me,0EN6REJXP,+15203917421,"{'id': 142931633, 'phone': '+15203917421', 'operator': 'virtual8', 'product': 'other', 'price': 3.5, 'status': 'RECEIVED', 'expires': '2021-08-16T15:51:44.620818026Z', 'sms': None, 'created_at': '2021-08-16T15:31:44.620818026Z', 'country': 'usa'}",2021-08-16 17:31:44.532,https://rendezvousparis.hermes.com/client/register/7DY9VP
Yu,Fenshi,US,faubourg,yufezinshi@hgmail.uu.me,TCNACW382,+15203917048,"{'id': 142931815, 'phone': '+15203917048', 'operator': 'virtual8', 'product': 'other', 'price': 3.5, 'status': 'RECEIVED', 'expires': '2021-08-16T15:52:05.705248307Z', 'sms': None, 'created_at': '2021-08-16T15:32:05.705248307Z', 'country': 'usa'}",2021-08-16 17:32:05.612,https://rendezvousparis.hermes.com/client/register/BU64MY
Dou,Xinan,US,faubourg,douxinanzi@hgmail.uu.me,UQ2OFT7QK,+12252675126,"{'id': 142932028, 'phone': '+12252675126', 'operator': 'virtual8', 'product': 'other', 'price': 3.5, 'status': 'RECEIVED', 'expires': '2021-08-16T15:52:28.069178456Z', 'sms': None, 'created_at': '2021-08-16T15:32:28.069178456Z', 'country': 'usa'}",2021-08-16 17:32:27.988,https://rendezvousparis.hermes.com/client/register/69XN53
Hao,Jiman,US,faubourg,haojimanzi@hgmail.uu.me,J47RD8OVD,+15203915691,"{'id': 142932963, 'phone': '+15203915691', 'operator': 'virtual8', 'product': 'other', 'price': 3.5, 'status': 'RECEIVED', 'expires': '2021-08-16T15:54:13.786340006Z', 'sms': None, 'created_at': '2021-08-16T15:34:13.786340006Z', 'country': 'usa'}",2021-08-16 17:34:13.696,https://rendezvousparis.hermes.com/client/register/UW2Q82
Fang,Xingxian,US,faubourg,zifangxingxian@hgmail.uu.me,QTESDC3LV,+15203917394,"{'id': 142933132, 'phone': '+15203917394', 'operator': 'virtual8', 'product': 'other', 'price': 3.5, 'status': 'RECEIVED', 'expires': '2021-08-16T15:54:34.871639269Z', 'sms': None, 'created_at': '2021-08-16T15:34:34.871639269Z', 'country': 'usa'}",2021-08-16 17:34:34.784,https://rendezvousparis.hermes.com/client/register/RFN5TR
Zhou,Fangjing,US,faubourg,zhoufangjizing@hgmail.uu.me,7LHHA2MF9,+12029981831,"{'id': 142933279, 'phone': '+12029981831', 'operator': 'virtual8', 'product': 'other', 'price': 3.5, 'status': 'RECEIVED', 'expires': '2021-08-16T15:54:56.018772083Z', 'sms': None, 'created_at': '2021-08-16T15:34:56.018772083Z', 'country': 'usa'}",2021-08-16 17:34:55.925,https://rendezvousparis.hermes.com/client/register/C7QAS2
Xie,Paihe,US,faubourg,zixiepaihe@hgmail.uu.me,Z28SK9G4U,+12029788707,"{'id': 142933435, 'phone': '+12029788707', 'operator': 'virtual8', 'product': 'other', 'price': 3.5, 'status': 'RECEIVED', 'expires': '2021-08-16T15:55:18.766564106Z', 'sms': None, 'created_at': '2021-08-16T15:35:18.766564106Z', 'country': 'usa'}",2021-08-16 17:35:18.683,https://rendezvousparis.hermes.com/client/register/XS42RQ
Ji,Dianzhuan,US,faubourg,jidianzhziuan@hgmail.uu.me,EIDYRVYYR,+15203917221,"{'id': 142933604, 'phone': '+15203917221', 'operator': 'virtual8', 'product': 'other', 'price': 3.5, 'status': 'RECEIVED', 'expires': '2021-08-16T15:55:39.81653307Z', 'sms': None, 'created_at': '2021-08-16T15:35:39.81653307Z', 'country': 'usa'}",2021-08-16 17:35:39.727,https://rendezvousparis.hermes.com/client/register/JZ63NP
He,Renling,US,faubourg,herzienling@hgmail.uu.me,UNQEE5R21,+12029788709,"{'id': 142934714, 'phone': '+12029788709', 'operator': 'virtual8', 'product': 'other', 'price': 3.5, 'status': 'RECEIVED', 'expires': '2021-08-16T15:58:05.34545321Z', 'sms': None, 'created_at': '2021-08-16T15:38:05.34545321Z', 'country': 'usa'}",2021-08-16 17:38:05.261,https://rendezvousparis.hermes.com/client/register/ZVXQCC
Yao,Angan,US,faubourg,ziyaoangan@hgmail.uu.me,F6OUULUPO,+12252554770,"{'id': 142935190, 'phone': '+12252554770', 'operator': 'virtual8', 'product': 'other', 'price': 3.5, 'status': 'RECEIVED', 'expires': '2021-08-16T15:59:04.868361091Z', 'sms': None, 'created_at': '2021-08-16T15:39:04.868361091Z', 'country': 'usa'}",2021-08-16 17:39:04.845,https://rendezvousparis.hermes.com/client/register/X5BB5R
Lian,Baguan,US,faubourg,lianbaguazin@hgmail.uu.me,6ZOVUC26G,+15203868016,"{'id': 142935383, 'phone': '+15203868016', 'operator': 'virtual8', 'product': 'other', 'price': 3.5, 'status': 'RECEIVED', 'expires': '2021-08-16T15:59:27.266842074Z', 'sms': None, 'created_at': '2021-08-16T15:39:27.266842074Z', 'country': 'usa'}",2021-08-16 17:39:27.174,https://rendezvousparis.hermes.com/client/register/XGDM2M
Shi,Kenlian,US,faubourg,zishikenlian@hgmail.uu.me,B502X8BKS,+12252544006,"{'id': 142935613, 'phone': '+12252544006', 'operator': 'virtual8', 'product': 'other', 'price': 3.5, 'status': 'RECEIVED', 'expires': '2021-08-16T15:59:48.583604976Z', 'sms': None, 'created_at': '2021-08-16T15:39:48.583604976Z', 'country': 'usa'}",2021-08-16 17:39:48.483,https://rendezvousparis.hermes.com/client/register/697ZNM
He,Chengduan,US,faubourg,hechengduanzi@hgmail.uu.me,R86KOVC2K,+12029315175,"{'id': 142935783, 'phone': '+12029315175', 'operator': 'virtual8', 'product': 'other', 'price': 3.5, 'status': 'RECEIVED', 'expires': '2021-08-16T16:00:10.309348875Z', 'sms': None, 'created_at': '2021-08-16T15:40:10.309348875Z', 'country': 'usa'}",2021-08-16 17:40:10.214,https://rendezvousparis.hermes.com/client/register/T52NFP
Ge,Shiyou,US,faubourg,zigeshiyou@hgmail.uu.me,M0XDO9KI2,+15203867492,"{'id': 142935951, 'phone': '+15203867492', 'operator': 'virtual8', 'product': 'other', 'price': 3.5, 'status': 'RECEIVED', 'expires': '2021-08-16T16:00:32.472640495Z', 'sms': None, 'created_at': '2021-08-16T15:40:32.472640495Z', 'country': 'usa'}",2021-08-16 17:40:32.382,https://rendezvousparis.hermes.com/client/register/7PUXF3
Qi,Chuanshou,US,faubourg,qichuanshziou@hgmail.uu.me,UU4DXIK09,+15203917424,"{'id': 142936164, 'phone': '+15203917424', 'operator': 'virtual8', 'product': 'other', 'price': 3.5, 'status': 'RECEIVED', 'expires': '2021-08-16T16:00:59.665281993Z', 'sms': None, 'created_at': '2021-08-16T15:40:59.665281993Z', 'country': 'usa'}",2021-08-16 17:40:59.565,https://rendezvousparis.hermes.com/client/register/KGDGPW
Meng,Lingyu,US,faubourg,mezinglingyu@hgmail.uu.me,6VBQSDMBW,+12029787310,"{'id': 142936710, 'phone': '+12029787310', 'operator': 'virtual8', 'product': 'other', 'price': 3.5, 'status': 'RECEIVED', 'expires': '2021-08-16T16:02:04.880899683Z', 'sms': None, 'created_at': '2021-08-16T15:42:04.880899683Z', 'country': 'usa'}",2021-08-16 17:42:04.781,https://rendezvousparis.hermes.com/client/register/8QEVCD
Hua,Jisi,US,faubourg,zihuajisi@hgmail.uu.me,7KHXRXZN7,+12252554876,"{'id': 142936922, 'phone': '+12252554876', 'operator': 'virtual8', 'product': 'other', 'price': 3.5, 'status': 'RECEIVED', 'expires': '2021-08-16T16:02:26.85622914Z', 'sms': None, 'created_at': '2021-08-16T15:42:26.85622914Z', 'country': 'usa'}",2021-08-16 17:42:26.756,https://rendezvousparis.hermes.com/client/register/RQQ7VG
Song,Muju,US,faubourg,zisongmuju@hgmail.uu.me,1P6FVOEKE,+12252674535,"{'id': 142939710, 'phone': '+12252674535', 'operator': 'virtual8', 'product': 'other', 'price': 3.5, 'status': 'RECEIVED', 'expires': '2021-08-16T16:08:20.735741406Z', 'sms': None, 'created_at': '2021-08-16T15:48:20.735741406Z', 'country': 'usa'}",2021-08-16 17:48:20.658,https://rendezvousparis.hermes.com/client/register/XFXB24
Feng,Xiji,US,faubourg,zifengxiji@hgmail.uu.me,S939INN7Y,+12029686750,"{'id': 142940306, 'phone': '+12029686750', 'operator': 'virtual8', 'product': 'other', 'price': 3.5, 'status': 'RECEIVED', 'expires': '2021-08-16T16:09:40.242761621Z', 'sms': None, 'created_at': '2021-08-16T15:49:40.242761621Z', 'country': 'usa'}",2021-08-16 17:49:40.162,https://rendezvousparis.hermes.com/client/register/254VJC
Jiang,Shenmo,US,faubourg,zijiangshenmo@hgmail.uu.me,SU3Y4SUFC,+12029781746,"{'id': 142940426, 'phone': '+12029781746', 'operator': 'virtual8', 'product': 'other', 'price': 3.5, 'status': 'RECEIVED', 'expires': '2021-08-16T16:10:00.914235678Z', 'sms': None, 'created_at': '2021-08-16T15:50:00.914235678Z', 'country': 'usa'}",2021-08-16 17:50:00.840,https://rendezvousparis.hermes.com/client/register/GJEQNF
Zhao,Jinpan,US,faubourg,zhaojziinpan@hgmail.uu.me,IK2URVKMH,+15203948667,"{'id': 142941094, 'phone': '+15203948667', 'operator': 'virtual8', 'product': 'other', 'price': 3.5, 'status': 'RECEIVED', 'expires': '2021-08-16T16:11:30.744346582Z', 'sms': None, 'created_at': '2021-08-16T15:51:30.744346582Z', 'country': 'usa'}",2021-08-16 17:51:30.666,https://rendezvousparis.hermes.com/client/register/59V9XX
Mi,Jianxiang,US,faubourg,mizijianxiang@hgmail.uu.me,Q4WTQXJ6F,+12029792411,"{'id': 142941245, 'phone': '+12029792411', 'operator': 'virtual8', 'product': 'other', 'price': 3.5, 'status': 'RECEIVED', 'expires': '2021-08-16T16:11:52.296472458Z', 'sms': None, 'created_at': '2021-08-16T15:51:52.296472458Z', 'country': 'usa'}",2021-08-16 17:51:52.215,https://rendezvousparis.hermes.com/client/register/M8ZNSS
Bian,Bansheng,US,faubourg,bianbanshengzi@hgmail.uu.me,NL20LWEUN,+12029988530,"{'id': 142941423, 'phone': '+12029988530', 'operator': 'virtual8', 'product': 'other', 'price': 3.5, 'status': 'RECEIVED', 'expires': '2021-08-16T16:12:14.238332107Z', 'sms': None, 'created_at': '2021-08-16T15:52:14.238332107Z', 'country': 'usa'}",2021-08-16 17:52:14.155,https://rendezvousparis.hermes.com/client/register/9RE3NQ
Xiao,Shuwen,US,faubourg,zixiaoshuwen@hgmail.uu.me,7OEO88W9G,+12252674814,"{'id': 142941580, 'phone': '+12252674814', 'operator': 'virtual8', 'product': 'other', 'price': 3.5, 'status': 'RECEIVED', 'expires': '2021-08-16T16:12:35.214262118Z', 'sms': None, 'created_at': '2021-08-16T15:52:35.214262118Z', 'country': 'usa'}",2021-08-16 17:52:35.131,https://rendezvousparis.hermes.com/client/register/RYCPNK
Ma,Zengdi,US,faubourg,zimazengdi@hgmail.uu.me,BRI30BH95,+12252544011,"{'id': 142941714, 'phone': '+12252544011', 'operator': 'virtual8', 'product': 'other', 'price': 3.5, 'status': 'RECEIVED', 'expires': '2021-08-16T16:12:56.549606603Z', 'sms': None, 'created_at': '2021-08-16T15:52:56.549606603Z', 'country': 'usa'}",2021-08-16 17:52:56.505,https://rendezvousparis.hermes.com/client/register/P8XKBG
Lei,Quezong,US,faubourg,zileiquezong@hgmail.uu.me,5J861W87I,+15203868024,"{'id': 142942191, 'phone': '+15203868024', 'operator': 'virtual8', 'product': 'other', 'price': 3.5, 'status': 'RECEIVED', 'expires': '2021-08-16T16:13:56.04182562Z', 'sms': None, 'created_at': '2021-08-16T15:53:56.04182562Z', 'country': 'usa'}",2021-08-16 17:53:55.957,https://rendezvousparis.hermes.com/client/register/KQ2HW9
Han,Shuifen,US,faubourg,hanshuifenzi@hgmail.uu.me,1O1CH8R8N,+12252554748,"{'id': 142942362, 'phone': '+12252554748', 'operator': 'virtual8', 'product': 'other', 'price': 3.5, 'status': 'RECEIVED', 'expires': '2021-08-16T16:14:17.442914277Z', 'sms': None, 'created_at': '2021-08-16T15:54:17.442914277Z', 'country': 'usa'}",2021-08-16 17:54:17.361,https://rendezvousparis.hermes.com/client/register/UM8GS3
Jin,Zhaoji,US,faubourg,zijinzhaoji@hgmail.uu.me,TAHKW1U51,+12029787858,"{'id': 142942513, 'phone': '+12029787858', 'operator': 'virtual8', 'product': 'other', 'price': 3.5, 'status': 'RECEIVED', 'expires': '2021-08-16T16:14:38.764062547Z', 'sms': None, 'created_at': '2021-08-16T15:54:38.764062547Z', 'country': 'usa'}",2021-08-16 17:54:38.682,https://rendezvousparis.hermes.com/client/register/32JCZA
Meng,Xiangli,US,faubourg,mengxianzigli@hgmail.uu.me,6K1L8KV3L,+12252404360,"{'id': 142942653, 'phone': '+12252404360', 'operator': 'virtual8', 'product': 'other', 'price': 3.5, 'status': 'RECEIVED', 'expires': '2021-08-16T16:15:00.307957524Z', 'sms': None, 'created_at': '2021-08-16T15:55:00.307957524Z', 'country': 'usa'}",2021-08-16 17:55:00.228,https://rendezvousparis.hermes.com/client/register/2Z3UH7
Bian,Qiangyi,US,faubourg,zibianqiangyi@hgmail.uu.me,G5I0O0DQ1,+12252307613,"{'id': 142942785, 'phone': '+12252307613', 'operator': 'virtual8', 'product': 'other', 'price': 3.5, 'status': 'RECEIVED', 'expires': '2021-08-16T16:15:21.375848258Z', 'sms': None, 'created_at': '2021-08-16T15:55:21.375848258Z', 'country': 'usa'}",2021-08-16 17:55:21.296,https://rendezvousparis.hermes.com/client/register/DK5BX6
Fang,Nidian,US,faubourg,fangnidziian@hgmail.uu.me,Q8G5D8ZZ3,+12029787796,"{'id': 142942913, 'phone': '+12029787796', 'operator': 'virtual8', 'product': 'other', 'price': 3.5, 'status': 'RECEIVED', 'expires': '2021-08-16T16:15:42.62583807Z', 'sms': None, 'created_at': '2021-08-16T15:55:42.62583807Z', 'country': 'usa'}",2021-08-16 17:55:42.622,https://rendezvousparis.hermes.com/client/register/3GEXGR
Shi,Laohuang,US,faubourg,zishilaohuang@hgmail.uu.me,06Z9OILBT,+12029330300,"{'id': 142943103, 'phone': '+12029330300', 'operator': 'virtual8', 'product': 'other', 'price': 3.5, 'status': 'RECEIVED', 'expires': '2021-08-16T16:16:04.311880525Z', 'sms': None, 'created_at': '2021-08-16T15:56:04.311880525Z', 'country': 'usa'}",2021-08-16 17:56:04.227,https://rendezvousparis.hermes.com/client/register/YHB2HP
Yun,Meireng,US,faubourg,ziyunmeireng@hgmail.uu.me,A8B5ESNLF,+12252544007,"{'id': 142943307, 'phone': '+12252544007', 'operator': 'virtual8', 'product': 'other', 'price': 3.5, 'status': 'RECEIVED', 'expires': '2021-08-16T16:16:25.78266439Z', 'sms': None, 'created_at': '2021-08-16T15:56:25.78266439Z', 'country': 'usa'}",2021-08-16 17:56:25.699,https://rendezvousparis.hermes.com/client/register/YD9CKZ
Wu,Duanke,US,faubourg,ziwuduanke@hgmail.uu.me,ZS15KM9LE,+12252549986,"{'id': 142944820, 'phone': '+12252549986', 'operator': 'virtual8', 'product': 'other', 'price': 3.5, 'status': 'RECEIVED', 'expires': '2021-08-16T16:19:32.187885217Z', 'sms': None, 'created_at': '2021-08-16T15:59:32.187885217Z', 'country': 'usa'}",2021-08-16 17:59:32.103,https://rendezvousparis.hermes.com/client/register/KFM79U
Ni,Kuhe,US,faubourg,zinikuhe@hgmail.uu.me,6TZDUYA8O,+12252674536,"{'id': 142944821, 'phone': '+12252674536', 'operator': 'virtual8', 'product': 'other', 'price': 3.5, 'status': 'RECEIVED', 'expires': '2021-08-16T16:19:32.232668959Z', 'sms': None, 'created_at': '2021-08-16T15:59:32.232668959Z', 'country': 'usa'}",2021-08-16 17:59:32.150,https://rendezvousparis.hermes.com/client/register/FTAD2Y
Yu,Weishou,US,faubourg,yuweishouzi@hgmail.uu.me,Y775EPUYW,+12029496623,"{'id': 142944822, 'phone': '+12029496623', 'operator': 'virtual8', 'product': 'other', 'price': 3.5, 'status': 'RECEIVED', 'expires': '2021-08-16T16:19:32.288879844Z', 'sms': None, 'created_at': '2021-08-16T15:59:32.288879844Z', 'country': 'usa'}",2021-08-16 17:59:32.203,https://rendezvousparis.hermes.com/client/register/FBMQFH
Lei,Luokong,US,faubourg,leiluokongzi@hgmail.uu.me,Z7AFSZG3W,+15203917227,"{'id': 142944823, 'phone': '+15203917227', 'operator': 'virtual8', 'product': 'other', 'price': 3.5, 'status': 'RECEIVED', 'expires': '2021-08-16T16:19:32.305485417Z', 'sms': None, 'created_at': '2021-08-16T15:59:32.305485417Z', 'country': 'usa'}",2021-08-16 17:59:32.218,https://rendezvousparis.hermes.com/client/register/WWAVCT
Chu,Rensu,US,faubourg,zichurensu@hgmail.uu.me,EKSMGM6D3,+12184962736,"{'id': 142944990, 'phone': '+12184962736', 'operator': 'virtual8', 'product': 'other', 'price': 3.5, 'status': 'RECEIVED', 'expires': '2021-08-16T16:19:53.669265559Z', 'sms': None, 'created_at': '2021-08-16T15:59:53.669265559Z', 'country': 'usa'}",2021-08-16 17:59:53.589,https://rendezvousparis.hermes.com/client/register/PBZ9G5
Zhang,Zhongyue,US,faubourg,zhangzhongyuezi@hgmail.uu.me,N73WOW5FB,+12184962769,"{'id': 142944988, 'phone': '+12184962769', 'operator': 'virtual8', 'product': 'other', 'price': 3.5, 'status': 'RECEIVED', 'expires': '2021-08-16T16:19:53.577998644Z', 'sms': None, 'created_at': '2021-08-16T15:59:53.577998644Z', 'country': 'usa'}",2021-08-16 17:59:53.489,https://rendezvousparis.hermes.com/client/register/G8EBRD
Yu,Shijie,US,faubourg,yushijizie@hgmail.uu.me,ARTRTSFO8,+13044277550,"{'id': 142945590, 'phone': '+13044277550', 'operator': 'virtual8', 'product': 'other', 'price': 3.5, 'status': 'RECEIVED', 'expires': '2021-08-16T16:21:12.067774962Z', 'sms': None, 'created_at': '2021-08-16T16:01:12.067774962Z', 'country': 'usa'}",2021-08-16 18:01:11.985,https://rendezvousparis.hermes.com/client/register/B7J5DU
Fang,Xiaolin,US,faubourg,zifangxiaolin@hgmail.uu.me,YNMVDWN4E,+12029686789,"{'id': 142944985, 'phone': '+12029686789', 'operator': 'virtual8', 'product': 'other', 'price': 3.5, 'status': 'RECEIVED', 'expires': '2021-08-16T16:19:53.446954934Z', 'sms': None, 'created_at': '2021-08-16T15:59:53.446954934Z', 'country': 'usa'}",2021-08-16 17:59:53.361,https://rendezvousparis.hermes.com/client/register/R279MR
Yu,Caozai,US,faubourg,yucaozaizi@hgmail.uu.me,E0I7CO6Q2,+15203917434,"{'id': 142944984, 'phone': '+15203917434', 'operator': 'virtual8', 'product': 'other', 'price': 3.5, 'status': 'RECEIVED', 'expires': '2021-08-16T16:19:53.298998473Z', 'sms': None, 'created_at': '2021-08-16T15:59:53.298998473Z', 'country': 'usa'}",2021-08-16 17:59:53.225,https://rendezvousparis.hermes.com/client/register/XMFM88
Wang,Nongdao,US,faubourg,wanzignongdao@hgmail.uu.me,2ZYSVXKJU,+12184962746,"{'id': 142945632, 'phone': '+12184962746', 'operator': 'virtual8', 'product': 'other', 'price': 3.5, 'status': 'RECEIVED', 'expires': '2021-08-16T16:21:16.986827738Z', 'sms': None, 'created_at': '2021-08-16T16:01:16.986827738Z', 'country': 'usa'}",2021-08-16 18:01:16.897,https://rendezvousparis.hermes.com/client/register/GK38Q3
Song,Fafan,US,faubourg,zisongfafan@hgmail.uu.me,DLBNZJSZ0,+12184962745,"{'id': 142945764, 'phone': '+12184962745', 'operator': 'virtual8', 'product': 'other', 'price': 3.5, 'status': 'RECEIVED', 'expires': '2021-08-16T16:21:33.591670627Z', 'sms': None, 'created_at': '2021-08-16T16:01:33.591670627Z', 'country': 'usa'}",2021-08-16 18:01:33.508,https://rendezvousparis.hermes.com/client/register/P5JE54
Ji,Biaozhang,US,faubourg,jibiaozhangzi@hgmail.uu.me,DHPY6GNFX,+13044277704,"{'id': 142945763, 'phone': '+13044277704', 'operator': 'virtual8', 'product': 'other', 'price': 3.5, 'status': 'RECEIVED', 'expires': '2021-08-16T16:21:33.562955138Z', 'sms': None, 'created_at': '2021-08-16T16:01:33.562955138Z', 'country': 'usa'}",2021-08-16 18:01:33.475,https://rendezvousparis.hermes.com/client/register/D9V23U
Bu,Zousi,US,faubourg,zibuzousi@hgmail.uu.me,HOK6APDHH,+12184962741,"{'id': 142945801, 'phone': '+12184962741', 'operator': 'virtual8', 'product': 'other', 'price': 3.5, 'status': 'RECEIVED', 'expires': '2021-08-16T16:21:37.77189871Z', 'sms': None, 'created_at': '2021-08-16T16:01:37.77189871Z', 'country': 'usa'}",2021-08-16 18:01:37.685,https://rendezvousparis.hermes.com/client/register/9R6YEW
Pi,Mali,US,faubourg,zipimali@hgmail.uu.me,4WJPUWK35,+12182285302,"{'id': 142945963, 'phone': '+12182285302', 'operator': 'virtual8', 'product': 'other', 'price': 3.5, 'status': 'RECEIVED', 'expires': '2021-08-16T16:21:54.759730232Z', 'sms': None, 'created_at': '2021-08-16T16:01:54.759730232Z', 'country': 'usa'}",2021-08-16 18:01:54.671,https://rendezvousparis.hermes.com/client/register/Z3JD4W
He,Kuangyun,US,faubourg,hekuangyunzi@hgmail.uu.me,AFLKKMRBC,+13044277614,"{'id': 142946085, 'phone': '+13044277614', 'operator': 'virtual8', 'product': 'other', 'price': 3.5, 'status': 'RECEIVED', 'expires': '2021-08-16T16:22:07.546991378Z', 'sms': None, 'created_at': '2021-08-16T16:02:07.546991378Z', 'country': 'usa'}",2021-08-16 18:02:07.517,https://rendezvousparis.hermes.com/client/register/YJ6EQR
Pang,Chuling,US,faubourg,pangchulingzi@hgmail.uu.me,4Z50E5NDW,+13044277629,"{'id': 142946116, 'phone': '+13044277629', 'operator': 'virtual8', 'product': 'other', 'price': 3.5, 'status': 'RECEIVED', 'expires': '2021-08-16T16:22:11.103049268Z', 'sms': None, 'created_at': '2021-08-16T16:02:11.103049268Z', 'country': 'usa'}",2021-08-16 18:02:11.018,https://rendezvousparis.hermes.com/client/register/C8KRAM
Dai,Dianbing,US,faubourg,daizidianbing@hgmail.uu.me,OPK4HHKR5,+12184962705,"{'id': 142946164, 'phone': '+12184962705', 'operator': 'virtual8', 'product': 'other', 'price': 3.5, 'status': 'RECEIVED', 'expires': '2021-08-16T16:22:15.757710866Z', 'sms': None, 'created_at': '2021-08-16T16:02:15.757710866Z', 'country': 'usa'}",2021-08-16 18:02:15.674,https://rendezvousparis.hermes.com/client/register/J493PG
Yun,Benao,US,faubourg,yuzinbenao@hgmail.uu.me,50MAAS52L,+12184962734,"{'id': 142946293, 'phone': '+12184962734', 'operator': 'virtual8', 'product': 'other', 'price': 3.5, 'status': 'RECEIVED', 'expires': '2021-08-16T16:22:28.71530484Z', 'sms': None, 'created_at': '2021-08-16T16:02:28.71530484Z', 'country': 'usa'}",2021-08-16 18:02:28.628,https://rendezvousparis.hermes.com/client/register/9YXQ2V
Zhu,Dangdong,US,faubourg,zhudangdongzi@hgmail.uu.me,X85H5ST8F,+13044277429,"{'id': 142946377, 'phone': '+13044277429', 'operator': 'virtual8', 'product': 'other', 'price': 3.5, 'status': 'RECEIVED', 'expires': '2021-08-16T16:22:37.03428571Z', 'sms': None, 'created_at': '2021-08-16T16:02:37.03428571Z', 'country': 'usa'}",2021-08-16 18:02:36.964,https://rendezvousparis.hermes.com/client/register/HFS5Y4
Ji,Fuwen,US,faubourg,jifuwenzi@hgmail.uu.me,3394PQ3EO,+13044278534,"{'id': 142946478, 'phone': '+13044278534', 'operator': 'virtual8', 'product': 'other', 'price': 3.5, 'status': 'RECEIVED', 'expires': '2021-08-16T16:22:49.713295785Z', 'sms': None, 'created_at': '2021-08-16T16:02:49.713295785Z', 'country': 'usa'}",2021-08-16 18:02:49.649,https://rendezvousparis.hermes.com/client/register/U2ENVE
Shi,Danzhou,US,faubourg,shidanzhouzi@hgmail.uu.me,Q7UF6AC7Q,+13044278155,"{'id': 142946562, 'phone': '+13044278155', 'operator': 'virtual8', 'product': 'other', 'price': 3.5, 'status': 'RECEIVED', 'expires': '2021-08-16T16:22:58.224022916Z', 'sms': None, 'created_at': '2021-08-16T16:02:58.224022916Z', 'country': 'usa'}",2021-08-16 18:02:58.167,https://rendezvousparis.hermes.com/client/register/NVAM5S
Chang,Yemi,US,faubourg,changyemizi@hgmail.uu.me,FB5OYV8SR,+12184962687,"{'id': 142945800, 'phone': '+12184962687', 'operator': 'virtual8', 'product': 'other', 'price': 3.5, 'status': 'RECEIVED', 'expires': '2021-08-16T16:21:37.574143195Z', 'sms': None, 'created_at': '2021-08-16T16:01:37.574143195Z', 'country': 'usa'}",2021-08-16 18:01:37.502,https://rendezvousparis.hermes.com/client/register/9Y9S96
Wu,Lixi,US,faubourg,ziwulixi@hgmail.uu.me,129U2I8PU,+12184962732,"{'id': 142947096, 'phone': '+12184962732', 'operator': 'virtual8', 'product': 'other', 'price': 3.5, 'status': 'RECEIVED', 'expires': '2021-08-16T16:23:51.064340291Z', 'sms': None, 'created_at': '2021-08-16T16:03:51.064340291Z', 'country': 'usa'}",2021-08-16 18:03:51.011,https://rendezvousparis.hermes.com/client/register/8F4DSS
Zhang,Yada,US,faubourg,zhangyadazi@hgmail.uu.me,FO86SLZMG,+12184962759,"{'id': 142946330, 'phone': '+12184962759', 'operator': 'virtual8', 'product': 'other', 'price': 3.5, 'status': 'RECEIVED', 'expires': '2021-08-16T16:22:31.918197557Z', 'sms': None, 'created_at': '2021-08-16T16:02:31.918197557Z', 'country': 'usa'}",2021-08-16 18:02:31.834,https://rendezvousparis.hermes.com/client/register/KFPUKZ
Wei,Lianju,US,faubourg,ziweilianju@hgmail.uu.me,L6L5MSVB5,+13044278066,"{'id': 142947340, 'phone': '+13044278066', 'operator': 'virtual8', 'product': 'other', 'price': 3.5, 'status': 'RECEIVED', 'expires': '2021-08-16T16:24:12.062589373Z', 'sms': None, 'created_at': '2021-08-16T16:04:12.062589373Z', 'country': 'usa'}",2021-08-16 18:04:12.030,https://rendezvousparis.hermes.com/client/register/J28ZW2
Fu,Xingdao,US,faubourg,zifuxingdao@hgmail.uu.me,UA91AG6AQ,+12184962752,"{'id': 142947447, 'phone': '+12184962752', 'operator': 'virtual8', 'product': 'other', 'price': 3.5, 'status': 'RECEIVED', 'expires': '2021-08-16T16:24:21.193207449Z', 'sms': None, 'created_at': '2021-08-16T16:04:21.193207449Z', 'country': 'usa'}",2021-08-16 18:04:21.168,https://rendezvousparis.hermes.com/client/register/3X7WTD
Zhang,Fulai,US,faubourg,zizhangfulai@hgmail.uu.me,K3ODV7Y4I,+13044277620,"{'id': 142946774, 'phone': '+13044277620', 'operator': 'virtual8', 'product': 'other', 'price': 3.5, 'status': 'RECEIVED', 'expires': '2021-08-16T16:23:19.098068267Z', 'sms': None, 'created_at': '2021-08-16T16:03:19.098068267Z', 'country': 'usa'}",2021-08-16 18:03:19.051,https://rendezvousparis.hermes.com/client/register/P9UTE7
He,Qiyou,US,faubourg,ziheqiyou@hgmail.uu.me,0V7B9NUYJ,+15203917269,"{'id': 142947575, 'phone': '+15203917269', 'operator': 'virtual8', 'product': 'other', 'price': 3.5, 'status': 'RECEIVED', 'expires': '2021-08-16T16:24:32.90081987Z', 'sms': None, 'created_at': '2021-08-16T16:04:32.90081987Z', 'country': 'usa'}",2021-08-16 18:04:32.848,https://rendezvousparis.hermes.com/client/register/5ZZFVT
Mi,Zhuihun,US,faubourg,zimizhuihun@hgmail.uu.me,FL46W515X,+12184962706,"{'id': 142947665, 'phone': '+12184962706', 'operator': 'virtual8', 'product': 'other', 'price': 3.5, 'status': 'RECEIVED', 'expires': '2021-08-16T16:24:41.973170927Z', 'sms': None, 'created_at': '2021-08-16T16:04:41.973170927Z', 'country': 'usa'}",2021-08-16 18:04:41.921,https://rendezvousparis.hermes.com/client/register/ZHVT9D
Lang,Nuowei,US,faubourg,zilangnuowei@hgmail.uu.me,DVEDPM36O,+13044278367,"{'id': 142946693, 'phone': '+13044278367', 'operator': 'virtual8', 'product': 'other', 'price': 3.5, 'status': 'RECEIVED', 'expires': '2021-08-16T16:23:10.681718232Z', 'sms': None, 'created_at': '2021-08-16T16:03:10.681718232Z', 'country': 'usa'}",2021-08-16 18:03:10.630,https://rendezvousparis.hermes.com/client/register/5ZF4GF
Xi,Changshu,US,faubourg,xichangshuzi@hgmail.uu.me,XWG17XZ8S,+12184962722,"{'id': 142947682, 'phone': '+12184962722', 'operator': 'virtual8', 'product': 'other', 'price': 3.5, 'status': 'RECEIVED', 'expires': '2021-08-16T16:24:43.282861029Z', 'sms': None, 'created_at': '2021-08-16T16:04:43.282861029Z', 'country': 'usa'}",2021-08-16 18:04:43.230,https://rendezvousparis.hermes.com/client/register/A95B68
Fang,Cengbu,US,faubourg,zifangcengbu@hgmail.uu.me,NZSEK9KRV,+13044278248,"{'id': 142947797, 'phone': '+13044278248', 'operator': 'virtual8', 'product': 'other', 'price': 3.5, 'status': 'RECEIVED', 'expires': '2021-08-16T16:24:53.805773509Z', 'sms': None, 'created_at': '2021-08-16T16:04:53.805773509Z', 'country': 'usa'}",2021-08-16 18:04:53.854,https://rendezvousparis.hermes.com/client/register/D2GAYN
He,Yingna,US,faubourg,ziheyingna@hgmail.uu.me,G2XVUBIQH,+13044277463,"{'id': 142947898, 'phone': '+13044277463', 'operator': 'virtual8', 'product': 'other', 'price': 3.5, 'status': 'RECEIVED', 'expires': '2021-08-16T16:25:03.202229808Z', 'sms': None, 'created_at': '2021-08-16T16:05:03.202229808Z', 'country': 'usa'}",2021-08-16 18:05:03.156,https://rendezvousparis.hermes.com/client/register/TW5GF5
Le,Maiwei,US,faubourg,lemaziiwei@hgmail.uu.me,SPMGMVTLD,+12184962737,"{'id': 142947899, 'phone': '+12184962737', 'operator': 'virtual8', 'product': 'other', 'price': 3.5, 'status': 'RECEIVED', 'expires': '2021-08-16T16:25:03.343591633Z', 'sms': None, 'created_at': '2021-08-16T16:05:03.343591633Z', 'country': 'usa'}",2021-08-16 18:05:03.321,https://rendezvousparis.hermes.com/client/register/3J5W5E
Shi,Zhongzhe,US,faubourg,zishizhongzhe@hgmail.uu.me,HEO1YWN6V,+13044278093,"{'id': 142947909, 'phone': '+13044278093', 'operator': 'virtual8', 'product': 'other', 'price': 3.5, 'status': 'RECEIVED', 'expires': '2021-08-16T16:25:04.225905297Z', 'sms': None, 'created_at': '2021-08-16T16:05:04.225905297Z', 'country': 'usa'}",2021-08-16 18:05:04.401,https://rendezvousparis.hermes.com/client/register/ARNXWA
He,Fengpian,US,faubourg,hziefengpian@hgmail.uu.me,XWV84Q9K6,+12182775517,"{'id': 142948030, 'phone': '+12182775517', 'operator': 'virtual8', 'product': 'other', 'price': 3.5, 'status': 'RECEIVED', 'expires': '2021-08-16T16:25:17.927365527Z', 'sms': None, 'created_at': '2021-08-16T16:05:17.927365527Z', 'country': 'usa'}",2021-08-16 18:05:18.125,https://rendezvousparis.hermes.com/client/register/U9AUJM
Mi,Zhiming,US,faubourg,zimizhiming@hgmail.uu.me,FN4QM81TB,+12184962712,"{'id': 142948100, 'phone': '+12184962712', 'operator': 'virtual8', 'product': 'other', 'price': 3.5, 'status': 'RECEIVED', 'expires': '2021-08-16T16:25:24.129883134Z', 'sms': None, 'created_at': '2021-08-16T16:05:24.129883134Z', 'country': 'usa'}",2021-08-16 18:05:24.082,https://rendezvousparis.hermes.com/client/register/85K47V
Ma,Mangyu,US,faubourg,zimamangyu@hgmail.uu.me,PJSCF5DUB,+13044278187,"{'id': 142948102, 'phone': '+13044278187', 'operator': 'virtual8', 'product': 'other', 'price': 3.5, 'status': 'RECEIVED', 'expires': '2021-08-16T16:25:24.419331771Z', 'sms': None, 'created_at': '2021-08-16T16:05:24.419331771Z', 'country': 'usa'}",2021-08-16 18:05:24.366,https://rendezvousparis.hermes.com/client/register/X9PQT2
Yin,Yunshu,US,faubourg,yinyunshuzi@hgmail.uu.me,XNJK1V6V6,+13044277938,"{'id': 142948112, 'phone': '+13044277938', 'operator': 'virtual8', 'product': 'other', 'price': 3.5, 'status': 'RECEIVED', 'expires': '2021-08-16T16:25:25.390000513Z', 'sms': None, 'created_at': '2021-08-16T16:05:25.390000513Z', 'country': 'usa'}",2021-08-16 18:05:25.346,https://rendezvousparis.hermes.com/client/register/TZTNMY
Han,Yijiao,US,faubourg,zihanyijiao@hgmail.uu.me,D4BARDQ1K,+12184962747,"{'id': 142948231, 'phone': '+12184962747', 'operator': 'virtual8', 'product': 'other', 'price': 3.5, 'status': 'RECEIVED', 'expires': '2021-08-16T16:25:38.974875294Z', 'sms': None, 'created_at': '2021-08-16T16:05:38.974875294Z', 'country': 'usa'}",2021-08-16 18:05:38.921,https://rendezvousparis.hermes.com/client/register/B6WP36
Qi,Beizhi,US,faubourg,ziqibeizhi@hgmail.uu.me,KG96M8VLJ,+13044278242,"{'id': 142948298, 'phone': '+13044278242', 'operator': 'virtual8', 'product': 'other', 'price': 3.5, 'status': 'RECEIVED', 'expires': '2021-08-16T16:25:45.148077515Z', 'sms': None, 'created_at': '2021-08-16T16:05:45.148077515Z', 'country': 'usa'}",2021-08-16 18:05:45.117,https://rendezvousparis.hermes.com/client/register/ZZPUUT
Hao,Shijie,US,faubourg,haoshijiezi@hgmail.uu.me,IVF8X3HVU,+13044278069,"{'id': 142948300, 'phone': '+13044278069', 'operator': 'virtual8', 'product': 'other', 'price': 3.5, 'status': 'RECEIVED', 'expires': '2021-08-16T16:25:45.285488098Z', 'sms': None, 'created_at': '2021-08-16T16:05:45.285488098Z', 'country': 'usa'}",2021-08-16 18:05:45.235,https://rendezvousparis.hermes.com/client/register/M9TJCU
Bao,Yijie,US,faubourg,zibaoyijie@hgmail.uu.me,ESLPH4461,+12184962770,"{'id': 142948309, 'phone': '+12184962770', 'operator': 'virtual8', 'product': 'other', 'price': 3.5, 'status': 'RECEIVED', 'expires': '2021-08-16T16:25:46.118077036Z', 'sms': None, 'created_at': '2021-08-16T16:05:46.118077036Z', 'country': 'usa'}",2021-08-16 18:05:46.068,https://rendezvousparis.hermes.com/client/register/NXGS29
Yu,Bowen,US,faubourg,ziyubowen@hgmail.uu.me,8JUKA2AKO,+13043964503,"{'id': 142948485, 'phone': '+13043964503', 'operator': 'virtual8', 'product': 'other', 'price': 3.5, 'status': 'RECEIVED', 'expires': '2021-08-16T16:26:00.346206758Z', 'sms': None, 'created_at': '2021-08-16T16:06:00.346206758Z', 'country': 'usa'}",2021-08-16 18:06:00.301,https://rendezvousparis.hermes.com/client/register/7NNCNZ
Ji,Jiliang,US,faubourg,zijijiliang@hgmail.uu.me,7508UXUSL,+12184962753,"{'id': 142948541, 'phone': '+12184962753', 'operator': 'virtual8', 'product': 'other', 'price': 3.5, 'status': 'RECEIVED', 'expires': '2021-08-16T16:26:06.024901076Z', 'sms': None, 'created_at': '2021-08-16T16:06:06.024901076Z', 'country': 'usa'}",2021-08-16 18:06:05.979,https://rendezvousparis.hermes.com/client/register/VPQPTB
Yuan,Chudiao,US,faubourg,ziyuanchudiao@hgmail.uu.me,NFB9QOI7H,+12184962692,"{'id': 142948549, 'phone': '+12184962692', 'operator': 'virtual8', 'product': 'other', 'price': 3.5, 'status': 'RECEIVED', 'expires': '2021-08-16T16:26:06.576894769Z', 'sms': None, 'created_at': '2021-08-16T16:06:06.576894769Z', 'country': 'usa'}",2021-08-16 18:06:06.524,https://rendezvousparis.hermes.com/client/register/UBZVBS
Yang,Xiangna,US,faubourg,ziyangxiangna@hgmail.uu.me,ADBIF6UYH,+12184962743,"{'id': 142948554, 'phone': '+12184962743', 'operator': 'virtual8', 'product': 'other', 'price': 3.5, 'status': 'RECEIVED', 'expires': '2021-08-16T16:26:06.87300777Z', 'sms': None, 'created_at': '2021-08-16T16:06:06.87300777Z', 'country': 'usa'}",2021-08-16 18:06:06.819,https://rendezvousparis.hermes.com/client/register/K2V8GR
Ren,Shaobu,US,faubourg,zirenshaobu@hgmail.uu.me,FLG830QEQ,+12184962694,"{'id': 142948736, 'phone': '+12184962694', 'operator': 'virtual8', 'product': 'other', 'price': 3.5, 'status': 'RECEIVED', 'expires': '2021-08-16T16:26:21.353873661Z', 'sms': None, 'created_at': '2021-08-16T16:06:21.353873661Z', 'country': 'usa'}",2021-08-16 18:06:21.305,https://rendezvousparis.hermes.com/client/register/S3S8TW
Yu,Fangzeng,US,faubourg,yufangzengzi@hgmail.uu.me,LAZE5JBYS,+13044277875,"{'id': 142948959, 'phone': '+13044277875', 'operator': 'virtual8', 'product': 'other', 'price': 3.5, 'status': 'RECEIVED', 'expires': '2021-08-16T16:26:42.065099225Z', 'sms': None, 'created_at': '2021-08-16T16:06:42.065099225Z', 'country': 'usa'}",2021-08-16 18:06:42.025,https://rendezvousparis.hermes.com/client/register/SMWKEJ
Zhu,Dianjiang,US,faubourg,zhudianjiangzi@hgmail.uu.me,GUPH9FFXO,+12184962742,"{'id': 142949169, 'phone': '+12184962742', 'operator': 'virtual8', 'product': 'other', 'price': 3.5, 'status': 'RECEIVED', 'expires': '2021-08-16T16:27:03.279465711Z', 'sms': None, 'created_at': '2021-08-16T16:07:03.279465711Z', 'country': 'usa'}",2021-08-16 18:07:03.230,https://rendezvousparis.hermes.com/client/register/EQ4ZDS
Zhang,Zhuangbie,US,faubourg,zizhangzhuangbie@hgmail.uu.me,EI1ILA88F,+12184962698,"{'id': 142948803, 'phone': '+12184962698', 'operator': 'virtual8', 'product': 'other', 'price': 3.5, 'status': 'RECEIVED', 'expires': '2021-08-16T16:26:27.335488334Z', 'sms': None, 'created_at': '2021-08-16T16:06:27.335488334Z', 'country': 'usa'}",2021-08-16 18:06:27.291,https://rendezvousparis.hermes.com/client/register/VMDDHE
Wang,Bingliu,US,faubourg,wangbingliuzi@hgmail.uu.me,JRKUD4RF8,+13044277970,"{'id': 142949375, 'phone': '+13044277970', 'operator': 'virtual8', 'product': 'other', 'price': 3.5, 'status': 'RECEIVED', 'expires': '2021-08-16T16:27:25.387430058Z', 'sms': None, 'created_at': '2021-08-16T16:07:25.387430058Z', 'country': 'usa'}",2021-08-16 18:07:25.338,https://rendezvousparis.hermes.com/client/register/R8K8HK
Wu,Bianchuan,US,faubourg,wubziianchuan@hgmail.uu.me,Z0Y2IDRZI,+15203948671,"{'id': 142949496, 'phone': '+15203948671', 'operator': 'virtual8', 'product': 'other', 'price': 3.5, 'status': 'RECEIVED', 'expires': '2021-08-16T16:27:38.586653834Z', 'sms': None, 'created_at': '2021-08-16T16:07:38.586653834Z', 'country': 'usa'}",2021-08-16 18:07:38.538,https://rendezvousparis.hermes.com/client/register/U7NSC7
Cen,Yagan,US,faubourg,zicenyagan@hgmail.uu.me,1ZGHVF80Y,+12029799006,"{'id': 142949573, 'phone': '+12029799006', 'operator': 'virtual8', 'product': 'other', 'price': 3.5, 'status': 'RECEIVED', 'expires': '2021-08-16T16:27:46.321394299Z', 'sms': None, 'created_at': '2021-08-16T16:07:46.321394299Z', 'country': 'usa'}",2021-08-16 18:07:46.278,https://rendezvousparis.hermes.com/client/register/3X66CW
Zang,Chengjin,US,faubourg,zangchengjizin@hgmail.uu.me,9M993PP8P,+12184962711,"{'id': 142948807, 'phone': '+12184962711', 'operator': 'virtual8', 'product': 'other', 'price': 3.5, 'status': 'RECEIVED', 'expires': '2021-08-16T16:26:27.578398638Z', 'sms': None, 'created_at': '2021-08-16T16:06:27.578398638Z', 'country': 'usa'}",2021-08-16 18:06:27.529,https://rendezvousparis.hermes.com/client/register/7T5AR6
Mu,Zhongqiu,US,faubourg,zimuzhongqiu@hgmail.uu.me,Y36HT5T91,+13044278488,"{'id': 142949700, 'phone': '+13044278488', 'operator': 'virtual8', 'product': 'other', 'price': 3.5, 'status': 'RECEIVED', 'expires': '2021-08-16T16:27:59.787330689Z', 'sms': None, 'created_at': '2021-08-16T16:07:59.787330689Z', 'country': 'usa'}",2021-08-16 18:07:59.738,https://rendezvousparis.hermes.com/client/register/JV6FBB
Chen,Tingsong,US,faubourg,zichentingsong@hgmail.uu.me,E5NF3G92I,+13044277633,"{'id': 142949773, 'phone': '+13044277633', 'operator': 'virtual8', 'product': 'other', 'price': 3.5, 'status': 'RECEIVED', 'expires': '2021-08-16T16:28:07.148183955Z', 'sms': None, 'created_at': '2021-08-16T16:08:07.148183955Z', 'country': 'usa'}",2021-08-16 18:08:07.096,https://rendezvousparis.hermes.com/client/register/QV47SP
Xue,Jingzhuo,US,faubourg,xuejinzigzhuo@hgmail.uu.me,7RIODSDLG,+12184962740,"{'id': 142949800, 'phone': '+12184962740', 'operator': 'virtual8', 'product': 'other', 'price': 3.5, 'status': 'RECEIVED', 'expires': '2021-08-16T16:28:09.838386251Z', 'sms': None, 'created_at': '2021-08-16T16:08:09.838386251Z', 'country': 'usa'}",2021-08-16 18:08:09.791,https://rendezvousparis.hermes.com/client/register/H8F6HR
Qi,Zhouke,US,faubourg,ziqizhouke@hgmail.uu.me,WHEA7PVTP,+12184962757,"{'id': 142948795, 'phone': '+12184962757', 'operator': 'virtual8', 'product': 'other', 'price': 3.5, 'status': 'RECEIVED', 'expires': '2021-08-16T16:26:26.666642394Z', 'sms': None, 'created_at': '2021-08-16T16:06:26.666642394Z', 'country': 'usa'}",2021-08-16 18:06:26.618,https://rendezvousparis.hermes.com/client/register/BSJSJK
Shi,Yaocheng,US,faubourg,shiyaochengzi@hgmail.uu.me,U7KMIW3ZH,+12184962764,"{'id': 142949907, 'phone': '+12184962764', 'operator': 'virtual8', 'product': 'other', 'price': 3.5, 'status': 'RECEIVED', 'expires': '2021-08-16T16:28:20.552909383Z', 'sms': None, 'created_at': '2021-08-16T16:08:20.552909383Z', 'country': 'usa'}",2021-08-16 18:08:20.504,https://rendezvousparis.hermes.com/client/register/ZV92SA
Zhao,Rengen,US,faubourg,zizhaorengen@hgmail.uu.me,JF34VJ3NY,+12184962729,"{'id': 142949989, 'phone': '+12184962729', 'operator': 'virtual8', 'product': 'other', 'price': 3.5, 'status': 'RECEIVED', 'expires': '2021-08-16T16:28:28.302398421Z', 'sms': None, 'created_at': '2021-08-16T16:08:28.302398421Z', 'country': 'usa'}",2021-08-16 18:08:28.250,https://rendezvousparis.hermes.com/client/register/PY3HQE
Lv,Zhili,US,faubourg,zilvzhili@hgmail.uu.me,S473FMMQS,+12184962709,"{'id': 142950019, 'phone': '+12184962709', 'operator': 'virtual8', 'product': 'other', 'price': 3.5, 'status': 'RECEIVED', 'expires': '2021-08-16T16:28:30.644234402Z', 'sms': None, 'created_at': '2021-08-16T16:08:30.644234402Z', 'country': 'usa'}",2021-08-16 18:08:30.602,https://rendezvousparis.hermes.com/client/register/T4N7WA
Zhao,Jianjue,US,faubourg,zizhaojianjue@hgmail.uu.me,CX0NFM44U,+13044278134,"{'id': 142950122, 'phone': '+13044278134', 'operator': 'virtual8', 'product': 'other', 'price': 3.5, 'status': 'RECEIVED', 'expires': '2021-08-16T16:28:40.483052088Z', 'sms': None, 'created_at': '2021-08-16T16:08:40.483052088Z', 'country': 'usa'}",2021-08-16 18:08:40.433,https://rendezvousparis.hermes.com/client/register/TAQRR9
Tang,Lingyue,US,faubourg,zitanglingyue@hgmail.uu.me,6UNHHHOSF,+12182285298,"{'id': 142950133, 'phone': '+12182285298', 'operator': 'virtual8', 'product': 'other', 'price': 3.5, 'status': 'RECEIVED', 'expires': '2021-08-16T16:28:41.709477078Z', 'sms': None, 'created_at': '2021-08-16T16:08:41.709477078Z', 'country': 'usa'}",2021-08-16 18:08:41.658,https://rendezvousparis.hermes.com/client/register/CUJKTX
Zhou,Xieming,US,faubourg,zizhouxieming@hgmail.uu.me,SR8URUGD7,+12184962680,"{'id': 142950208, 'phone': '+12184962680', 'operator': 'virtual8', 'product': 'other', 'price': 3.5, 'status': 'RECEIVED', 'expires': '2021-08-16T16:28:49.247015877Z', 'sms': None, 'created_at': '2021-08-16T16:08:49.247015877Z', 'country': 'usa'}",2021-08-16 18:08:49.284,https://rendezvousparis.hermes.com/client/register/W4UJGZ
Xie,Banjiao,US,faubourg,xiebanjiziao@hgmail.uu.me,HVZKBPHGO,+13044278389,"{'id': 142950240, 'phone': '+13044278389', 'operator': 'virtual8', 'product': 'other', 'price': 3.5, 'status': 'RECEIVED', 'expires': '2021-08-16T16:28:51.693470886Z', 'sms': None, 'created_at': '2021-08-16T16:08:51.693470886Z', 'country': 'usa'}",2021-08-16 18:08:51.640,https://rendezvousparis.hermes.com/client/register/SDYAPA
Xiong,Zhaoyi,US,faubourg,xiongzhaoyizi@hgmail.uu.me,HJFEMVEHI,+13044278062,"{'id': 142950351, 'phone': '+13044278062', 'operator': 'virtual8', 'product': 'other', 'price': 3.5, 'status': 'RECEIVED', 'expires': '2021-08-16T16:29:01.652014513Z', 'sms': None, 'created_at': '2021-08-16T16:09:01.652014513Z', 'country': 'usa'}",2021-08-16 18:09:01.600,https://rendezvousparis.hermes.com/client/register/8JYZQ8
Liang,Yuchong,US,faubourg,liangyuchongzi@hgmail.uu.me,NQAQZJ1LT,+13044278118,"{'id': 142950367, 'phone': '+13044278118', 'operator': 'virtual8', 'product': 'other', 'price': 3.5, 'status': 'RECEIVED', 'expires': '2021-08-16T16:29:02.822522585Z', 'sms': None, 'created_at': '2021-08-16T16:09:02.822522585Z', 'country': 'usa'}",2021-08-16 18:09:02.769,https://rendezvousparis.hermes.com/client/register/KCBJTV
Meng,Biaoxiao,US,faubourg,zimengbiaoxiao@hgmail.uu.me,6TJP6W3OP,+12184962704,"{'id': 142950461, 'phone': '+12184962704', 'operator': 'virtual8', 'product': 'other', 'price': 3.5, 'status': 'RECEIVED', 'expires': '2021-08-16T16:29:10.247681649Z', 'sms': None, 'created_at': '2021-08-16T16:09:10.247681649Z', 'country': 'usa'}",2021-08-16 18:09:10.199,https://rendezvousparis.hermes.com/client/register/KSZKHS
Xiang,Shanzhi,US,faubourg,xiangzishanzhi@hgmail.uu.me,2O24OR8WU,+12184962708,"{'id': 142950481, 'phone': '+12184962708', 'operator': 'virtual8', 'product': 'other', 'price': 3.5, 'status': 'RECEIVED', 'expires': '2021-08-16T16:29:12.507752277Z', 'sms': None, 'created_at': '2021-08-16T16:09:12.507752277Z', 'country': 'usa'}",2021-08-16 18:09:12.463,https://rendezvousparis.hermes.com/client/register/EKJEZG
Yan,Baizui,US,faubourg,ziyanbaizui@hgmail.uu.me,UN94R3Q16,+13044278395,"{'id': 142950588, 'phone': '+13044278395', 'operator': 'virtual8', 'product': 'other', 'price': 3.5, 'status': 'RECEIVED', 'expires': '2021-08-16T16:29:22.455516782Z', 'sms': None, 'created_at': '2021-08-16T16:09:22.455516782Z', 'country': 'usa'}",2021-08-16 18:09:22.413,https://rendezvousparis.hermes.com/client/register/DZTE93
Jiang,Paoqu,US,faubourg,jiziangpaoqu@hgmail.uu.me,PZGCOYECK,+12184962766,"{'id': 142950602, 'phone': '+12184962766', 'operator': 'virtual8', 'product': 'other', 'price': 3.5, 'status': 'RECEIVED', 'expires': '2021-08-16T16:29:23.741080383Z', 'sms': None, 'created_at': '2021-08-16T16:09:23.741080383Z', 'country': 'usa'}",2021-08-16 18:09:23.690,https://rendezvousparis.hermes.com/client/register/XGAKV7
Yuan,Tingxie,US,faubourg,yuantingzixie@hgmail.uu.me,J0A70I14M,+12182285605,"{'id': 142950676, 'phone': '+12182285605', 'operator': 'virtual8', 'product': 'other', 'price': 3.5, 'status': 'RECEIVED', 'expires': '2021-08-16T16:29:31.291076809Z', 'sms': None, 'created_at': '2021-08-16T16:09:31.291076809Z', 'country': 'usa'}",2021-08-16 18:09:31.242,https://rendezvousparis.hermes.com/client/register/SQ9MQX
Qian,Danyi,US,faubourg,ziqiandanyi@hgmail.uu.me,501UW8256,+13044277589,"{'id': 142950692, 'phone': '+13044277589', 'operator': 'virtual8', 'product': 'other', 'price': 3.5, 'status': 'RECEIVED', 'expires': '2021-08-16T16:29:33.346060277Z', 'sms': None, 'created_at': '2021-08-16T16:09:33.346060277Z', 'country': 'usa'}",2021-08-16 18:09:33.299,https://rendezvousparis.hermes.com/client/register/JP3595
Zhou,Shaoxing,US,faubourg,zhoushaoxingzi@hgmail.uu.me,H60GF2CD9,+13044277912,"{'id': 142950770, 'phone': '+13044277912', 'operator': 'virtual8', 'product': 'other', 'price': 3.5, 'status': 'RECEIVED', 'expires': '2021-08-16T16:29:43.328488434Z', 'sms': None, 'created_at': '2021-08-16T16:09:43.328488434Z', 'country': 'usa'}",2021-08-16 18:09:43.275,https://rendezvousparis.hermes.com/client/register/SD69HS
You,Shiti,US,faubourg,youshitizi@hgmail.uu.me,CYMK4BC2H,+12184962713,"{'id': 142950782, 'phone': '+12184962713', 'operator': 'virtual8', 'product': 'other', 'price': 3.5, 'status': 'RECEIVED', 'expires': '2021-08-16T16:29:44.68126025Z', 'sms': None, 'created_at': '2021-08-16T16:09:44.68126025Z', 'country': 'usa'}",2021-08-16 18:09:44.637,https://rendezvousparis.hermes.com/client/register/Q4ZF86
Jiang,Tuishui,US,faubourg,jziiangtuishui@hgmail.uu.me,0UKP0MRNL,+13044278111,"{'id': 142950832, 'phone': '+13044278111', 'operator': 'virtual8', 'product': 'other', 'price': 3.5, 'status': 'RECEIVED', 'expires': '2021-08-16T16:29:52.129695256Z', 'sms': None, 'created_at': '2021-08-16T16:09:52.129695256Z', 'country': 'usa'}",2021-08-16 18:09:52.079,https://rendezvousparis.hermes.com/client/register/FHE29Z
Feng,Guozhu,US,faubourg,zifengguozhu@hgmail.uu.me,ZEOLJSB87,+12184962760,"{'id': 142950849, 'phone': '+12184962760', 'operator': 'virtual8', 'product': 'other', 'price': 3.5, 'status': 'RECEIVED', 'expires': '2021-08-16T16:29:54.14324435Z', 'sms': None, 'created_at': '2021-08-16T16:09:54.14324435Z', 'country': 'usa'}",2021-08-16 18:09:54.103,https://rendezvousparis.hermes.com/client/register/45U3UF
Wang,Qiyi,US,faubourg,wangqiyizi@hgmail.uu.me,XX0UIEVC8,+12184962716,"{'id': 142950947, 'phone': '+12184962716', 'operator': 'virtual8', 'product': 'other', 'price': 3.5, 'status': 'RECEIVED', 'expires': '2021-08-16T16:30:04.130290573Z', 'sms': None, 'created_at': '2021-08-16T16:10:04.130290573Z', 'country': 'usa'}",2021-08-16 18:10:04.080,https://rendezvousparis.hermes.com/client/register/9H7JP4
Ji,Dizhen,US,faubourg,jidizhenzi@hgmail.uu.me,3BR3RXWRT,+13044277341,"{'id': 142950965, 'phone': '+13044277341', 'operator': 'virtual8', 'product': 'other', 'price': 3.5, 'status': 'RECEIVED', 'expires': '2021-08-16T16:30:05.874331691Z', 'sms': None, 'created_at': '2021-08-16T16:10:05.874331691Z', 'country': 'usa'}",2021-08-16 18:10:05.824,https://rendezvousparis.hermes.com/client/register/S4RFEV
Xie,Jipo,US,faubourg,zixiejipo@hgmail.uu.me,L4YYN3WI7,+13044277981,"{'id': 142951031, 'phone': '+13044277981', 'operator': 'virtual8', 'product': 'other', 'price': 3.5, 'status': 'RECEIVED', 'expires': '2021-08-16T16:30:13.028379167Z', 'sms': None, 'created_at': '2021-08-16T16:10:13.028379167Z', 'country': 'usa'}",2021-08-16 18:10:12.979,https://rendezvousparis.hermes.com/client/register/2VZGJK
Wang,Xieer,US,faubourg,ziwangxieer@hgmail.uu.me,D754UI1C8,+13044277534,"{'id': 142951064, 'phone': '+13044277534', 'operator': 'virtual8', 'product': 'other', 'price': 3.5, 'status': 'RECEIVED', 'expires': '2021-08-16T16:30:15.116688459Z', 'sms': None, 'created_at': '2021-08-16T16:10:15.116688459Z', 'country': 'usa'}",2021-08-16 18:10:15.063,https://rendezvousparis.hermes.com/client/register/J5D6AD
Lang,Qilun,US,faubourg,zilangqilun@hgmail.uu.me,3RQACWB68,+13044277983,"{'id': 142951155, 'phone': '+13044277983', 'operator': 'virtual8', 'product': 'other', 'price': 3.5, 'status': 'RECEIVED', 'expires': '2021-08-16T16:30:25.088664493Z', 'sms': None, 'created_at': '2021-08-16T16:10:25.088664493Z', 'country': 'usa'}",2021-08-16 18:10:25.037,https://rendezvousparis.hermes.com/client/register/FX2YMP
Dou,Congxia,US,faubourg,zidoucongxia@hgmail.uu.me,TTYJPFDKJ,+12184962750,"{'id': 142951167, 'phone': '+12184962750', 'operator': 'virtual8', 'product': 'other', 'price': 3.5, 'status': 'RECEIVED', 'expires': '2021-08-16T16:30:26.700343288Z', 'sms': None, 'created_at': '2021-08-16T16:10:26.700343288Z', 'country': 'usa'}",2021-08-16 18:10:26.650,https://rendezvousparis.hermes.com/client/register/6BXC9U
Ji,Zuibian,US,faubourg,jizuibianzi@hgmail.uu.me,1KYSYUDDS,+12252554798,"{'id': 142951219, 'phone': '+12252554798', 'operator': 'virtual8', 'product': 'other', 'price': 3.5, 'status': 'RECEIVED', 'expires': '2021-08-16T16:30:33.895265478Z', 'sms': None, 'created_at': '2021-08-16T16:10:33.895265478Z', 'country': 'usa'}",2021-08-16 18:10:33.921,https://rendezvousparis.hermes.com/client/register/RE2VZF
Wu,Teke,US,faubourg,ziwuteke@hgmail.uu.me,MUS7DAHB8,+12184962727,"{'id': 142951369, 'phone': '+12184962727', 'operator': 'virtual8', 'product': 'other', 'price': 3.5, 'status': 'RECEIVED', 'expires': '2021-08-16T16:30:54.746023421Z', 'sms': None, 'created_at': '2021-08-16T16:10:54.746023421Z', 'country': 'usa'}",2021-08-16 18:10:54.699,https://rendezvousparis.hermes.com/client/register/47H7VZ
He,Yusuo,US,faubourg,heyusuzio@hgmail.uu.me,NP7XYC33Q,+13044278444,"{'id': 142951230, 'phone': '+13044278444', 'operator': 'virtual8', 'product': 'other', 'price': 3.5, 'status': 'RECEIVED', 'expires': '2021-08-16T16:30:35.908904807Z', 'sms': None, 'created_at': '2021-08-16T16:10:35.908904807Z', 'country': 'usa'}",2021-08-16 18:10:35.858,https://rendezvousparis.hermes.com/client/register/88VSMW
Wang,Rule,US,faubourg,ziwangrule@hgmail.uu.me,VO15FVJ1M,+12184962691,"{'id': 142951514, 'phone': '+12184962691', 'operator': 'virtual8', 'product': 'other', 'price': 3.5, 'status': 'RECEIVED', 'expires': '2021-08-16T16:31:16.051167231Z', 'sms': None, 'created_at': '2021-08-16T16:11:16.051167231Z', 'country': 'usa'}",2021-08-16 18:11:15.997,https://rendezvousparis.hermes.com/client/register/7C5G74
Mao,Bacha,US,faubourg,maziobacha@hgmail.uu.me,XL7N55FH7,+13044277703,"{'id': 142951562, 'phone': '+13044277703', 'operator': 'virtual8', 'product': 'other', 'price': 3.5, 'status': 'RECEIVED', 'expires': '2021-08-16T16:31:22.621929933Z', 'sms': None, 'created_at': '2021-08-16T16:11:22.621929933Z', 'country': 'usa'}",2021-08-16 18:11:22.572,https://rendezvousparis.hermes.com/client/register/EN382B
Bei,Zhifu,US,faubourg,zibeizhifu@hgmail.uu.me,BK3B6K9TE,+12184962738,"{'id': 142951663, 'phone': '+12184962738', 'operator': 'virtual8', 'product': 'other', 'price': 3.5, 'status': 'RECEIVED', 'expires': '2021-08-16T16:31:36.961012193Z', 'sms': None, 'created_at': '2021-08-16T16:11:36.961012193Z', 'country': 'usa'}",2021-08-16 18:11:36.908,https://rendezvousparis.hermes.com/client/register/3Z8PZZ
He,Piban,US,faubourg,hepibazin@hgmail.uu.me,ECNX0X1Q1,+13044277837,"{'id': 142951708, 'phone': '+13044277837', 'operator': 'virtual8', 'product': 'other', 'price': 3.5, 'status': 'RECEIVED', 'expires': '2021-08-16T16:31:43.473735252Z', 'sms': None, 'created_at': '2021-08-16T16:11:43.473735252Z', 'country': 'usa'}",2021-08-16 18:11:43.552,https://rendezvousparis.hermes.com/client/register/GEH66F
Qi,Suisi,US,faubourg,ziqisuisi@hgmail.uu.me,UV9EIF68V,+13044278552,"{'id': 142951296, 'phone': '+13044278552', 'operator': 'virtual8', 'product': 'other', 'price': 3.5, 'status': 'RECEIVED', 'expires': '2021-08-16T16:30:46.432072097Z', 'sms': None, 'created_at': '2021-08-16T16:10:46.432072097Z', 'country': 'usa'}",2021-08-16 18:10:46.590,https://rendezvousparis.hermes.com/client/register/5Q465F
Zhou,Mingta,US,faubourg,zhouzimingta@hgmail.uu.me,9W81D5AFN,+13044278035,"{'id': 142951836, 'phone': '+13044278035', 'operator': 'virtual8', 'product': 'other', 'price': 3.5, 'status': 'RECEIVED', 'expires': '2021-08-16T16:31:58.001841334Z', 'sms': None, 'created_at': '2021-08-16T16:11:58.001841334Z', 'country': 'usa'}",2021-08-16 18:11:57.958,https://rendezvousparis.hermes.com/client/register/42WF4Z
Dai,Bajing,US,faubourg,zidaibajing@hgmail.uu.me,SDG5BCKLJ,+12184962689,"{'id': 142951893, 'phone': '+12184962689', 'operator': 'virtual8', 'product': 'other', 'price': 3.5, 'status': 'RECEIVED', 'expires': '2021-08-16T16:32:04.295612857Z', 'sms': None, 'created_at': '2021-08-16T16:12:04.295612857Z', 'country': 'usa'}",2021-08-16 18:12:04.260,https://rendezvousparis.hermes.com/client/register/NQ6GX4
Sun,Geshi,US,faubourg,sungeszihi@hgmail.uu.me,GI4L5MQI6,+12184962684,"{'id': 142951939, 'phone': '+12184962684', 'operator': 'virtual8', 'product': 'other', 'price': 3.5, 'status': 'RECEIVED', 'expires': '2021-08-16T16:32:10.402365703Z', 'sms': None, 'created_at': '2021-08-16T16:12:10.402365703Z', 'country': 'usa'}",2021-08-16 18:12:10.353,https://rendezvousparis.hermes.com/client/register/YV5HYK
Liu,Keshi,US,faubourg,ziliukeshi@hgmail.uu.me,4OQ5AR5G2,+13044277501,"{'id': 142952042, 'phone': '+13044277501', 'operator': 'virtual8', 'product': 'other', 'price': 3.5, 'status': 'RECEIVED', 'expires': '2021-08-16T16:32:23.330135109Z', 'sms': None, 'created_at': '2021-08-16T16:12:23.330135109Z', 'country': 'usa'}",2021-08-16 18:12:23.282,https://rendezvousparis.hermes.com/client/register/AMZHVC
Zhang,Tuixu,US,faubourg,zzihangtuixu@hgmail.uu.me,GM7RCLOKQ,+12182285418,"{'id': 142952058, 'phone': '+12182285418', 'operator': 'virtual8', 'product': 'other', 'price': 3.5, 'status': 'RECEIVED', 'expires': '2021-08-16T16:32:25.152296844Z', 'sms': None, 'created_at': '2021-08-16T16:12:25.152296844Z', 'country': 'usa'}",2021-08-16 18:12:25.111,https://rendezvousparis.hermes.com/client/register/8F6NSM
Yu,Biaowen,US,faubourg,ziyubiaowen@hgmail.uu.me,Y7FLNTU1E,+12184962744,"{'id': 142952100, 'phone': '+12184962744', 'operator': 'virtual8', 'product': 'other', 'price': 3.5, 'status': 'RECEIVED', 'expires': '2021-08-16T16:32:31.41468856Z', 'sms': None, 'created_at': '2021-08-16T16:12:31.41468856Z', 'country': 'usa'}",2021-08-16 18:12:31.475,https://rendezvousparis.hermes.com/client/register/4UUMKC
Kan,Yuanyi,US,faubourg,zikanyuanyi@hgmail.uu.me,OIAK98FFZ,+12184962735,"{'id': 142952195, 'phone': '+12184962735', 'operator': 'virtual8', 'product': 'other', 'price': 3.5, 'status': 'RECEIVED', 'expires': '2021-08-16T16:32:44.154053513Z', 'sms': None, 'created_at': '2021-08-16T16:12:44.154053513Z', 'country': 'usa'}",2021-08-16 18:12:44.109,https://rendezvousparis.hermes.com/client/register/WVRZPS
Xi,Daili,US,faubourg,xidaizili@hgmail.uu.me,2GFHA2CVQ,+12182285328,"{'id': 142952218, 'phone': '+12182285328', 'operator': 'virtual8', 'product': 'other', 'price': 3.5, 'status': 'RECEIVED', 'expires': '2021-08-16T16:32:46.056387299Z', 'sms': None, 'created_at': '2021-08-16T16:12:46.056387299Z', 'country': 'usa'}",2021-08-16 18:12:46.005,https://rendezvousparis.hermes.com/client/register/G8T53G
Qi,Yuexiong,US,faubourg,ziqiyuexiong@hgmail.uu.me,WYL3SZZ5V,+12184962751,"{'id': 142952276, 'phone': '+12184962751', 'operator': 'virtual8', 'product': 'other', 'price': 3.5, 'status': 'RECEIVED', 'expires': '2021-08-16T16:32:52.241567782Z', 'sms': None, 'created_at': '2021-08-16T16:12:52.241567782Z', 'country': 'usa'}",2021-08-16 18:12:52.198,https://rendezvousparis.hermes.com/client/register/AP8DQJ
Qi,Chongmei,US,faubourg,ziqichongmei@hgmail.uu.me,JE6JYSZAX,+13044278571,"{'id': 142952366, 'phone': '+13044278571', 'operator': 'virtual8', 'product': 'other', 'price': 3.5, 'status': 'RECEIVED', 'expires': '2021-08-16T16:33:04.962388955Z', 'sms': None, 'created_at': '2021-08-16T16:13:04.962388955Z', 'country': 'usa'}",2021-08-16 18:13:04.912,https://rendezvousparis.hermes.com/client/register/CC8U88
Chang,Suiyin,US,faubourg,changsuiyinzi@hgmail.uu.me,2XNBDN4XP,+12184962701,"{'id': 142952384, 'phone': '+12184962701', 'operator': 'virtual8', 'product': 'other', 'price': 3.5, 'status': 'RECEIVED', 'expires': '2021-08-16T16:33:06.882663972Z', 'sms': None, 'created_at': '2021-08-16T16:13:06.882663972Z', 'country': 'usa'}",2021-08-16 18:13:06.828,https://rendezvousparis.hermes.com/client/register/K9AUFH
Yin,Shuikong,US,faubourg,yinshuikongzi@hgmail.uu.me,7ZI4U9G0T,+13044278192,"{'id': 142952426, 'phone': '+13044278192', 'operator': 'virtual8', 'product': 'other', 'price': 3.5, 'status': 'RECEIVED', 'expires': '2021-08-16T16:33:13.023910233Z', 'sms': None, 'created_at': '2021-08-16T16:13:13.023910233Z', 'country': 'usa'}",2021-08-16 18:13:12.971,https://rendezvousparis.hermes.com/client/register/7A2F2Y
Shui,Zaze,US,faubourg,shuizazezi@hgmail.uu.me,VGMSBCCHX,+12182775432,"{'id': 142951313, 'phone': '+12182775432', 'operator': 'virtual8', 'product': 'other', 'price': 3.5, 'status': 'RECEIVED', 'expires': '2021-08-16T16:30:47.682543601Z', 'sms': None, 'created_at': '2021-08-16T16:10:47.682543601Z', 'country': 'usa'}",2021-08-16 18:10:47.636,https://rendezvousparis.hermes.com/client/register/YN2EHD
Wei,Xingtai,US,faubourg,ziweixingtai@hgmail.uu.me,OPTV26DSB,+12252544001,"{'id': 142952550, 'phone': '+12252544001', 'operator': 'virtual8', 'product': 'other', 'price': 3.5, 'status': 'RECEIVED', 'expires': '2021-08-16T16:33:27.747172984Z', 'sms': None, 'created_at': '2021-08-16T16:13:27.747172984Z', 'country': 'usa'}",2021-08-16 18:13:27.696,https://rendezvousparis.hermes.com/client/register/2BHKDF
Yuan,Fankong,US,faubourg,yuanfankongzi@hgmail.uu.me,EINTPPP44,+12182285284,"{'id': 142952609, 'phone': '+12182285284', 'operator': 'virtual8', 'product': 'other', 'price': 3.5, 'status': 'RECEIVED', 'expires': '2021-08-16T16:33:33.92674153Z', 'sms': None, 'created_at': '2021-08-16T16:13:33.92674153Z', 'country': 'usa'}",2021-08-16 18:13:33.877,https://rendezvousparis.hermes.com/client/register/MYA5DM
Xi,Qufu,US,faubourg,zixiqufu@hgmail.uu.me,N3QXARBWC,+12182120712,"{'id': 142952632, 'phone': '+12182120712', 'operator': 'virtual8', 'product': 'other', 'price': 3.5, 'status': 'RECEIVED', 'expires': '2021-08-16T16:33:36.955799756Z', 'sms': None, 'created_at': '2021-08-16T16:13:36.955799756Z', 'country': 'usa'}",2021-08-16 18:13:36.911,https://rendezvousparis.hermes.com/client/register/QY55YM
Yan,Yuejiao,US,faubourg,yazinyuejiao@hgmail.uu.me,M0NU224RN,+13044278243,"{'id': 142952759, 'phone': '+13044278243', 'operator': 'virtual8', 'product': 'other', 'price': 3.5, 'status': 'RECEIVED', 'expires': '2021-08-16T16:33:54.687539685Z', 'sms': None, 'created_at': '2021-08-16T16:13:54.687539685Z', 'country': 'usa'}",2021-08-16 18:13:54.638,https://rendezvousparis.hermes.com/client/register/SFKJFZ
Song,Shimi,US,faubourg,songshizimi@hgmail.uu.me,6K6NNXYGC,+12184962682,"{'id': 142952790, 'phone': '+12184962682', 'operator': 'virtual8', 'product': 'other', 'price': 3.5, 'status': 'RECEIVED', 'expires': '2021-08-16T16:33:57.822614451Z', 'sms': None, 'created_at': '2021-08-16T16:13:57.822614451Z', 'country': 'usa'}",2021-08-16 18:13:57.771,https://rendezvousparis.hermes.com/client/register/3B8CSN
Miao,Kudao,US,faubourg,miaokuzidao@hgmail.uu.me,1H77YUCUF,+12184962695,"{'id': 142952900, 'phone': '+12184962695', 'operator': 'virtual8', 'product': 'other', 'price': 3.5, 'status': 'RECEIVED', 'expires': '2021-08-16T16:34:15.508951041Z', 'sms': None, 'created_at': '2021-08-16T16:14:15.508951041Z', 'country': 'usa'}",2021-08-16 18:14:15.464,https://rendezvousparis.hermes.com/client/register/ATJAP5
Pan,Laoshan,US,faubourg,zipanlaoshan@hgmail.uu.me,4KDPDG4DY,+12184962688,"{'id': 142952934, 'phone': '+12184962688', 'operator': 'virtual8', 'product': 'other', 'price': 3.5, 'status': 'RECEIVED', 'expires': '2021-08-16T16:34:18.761186444Z', 'sms': None, 'created_at': '2021-08-16T16:14:18.761186444Z', 'country': 'usa'}",2021-08-16 18:14:18.717,https://rendezvousparis.hermes.com/client/register/2Z2GUZ
Yin,Youqiu,US,faubourg,ziyinyouqiu@hgmail.uu.me,9GSTNKGZ2,+13044278545,"{'id': 142953032, 'phone': '+13044278545', 'operator': 'virtual8', 'product': 'other', 'price': 3.5, 'status': 'RECEIVED', 'expires': '2021-08-16T16:34:36.322409292Z', 'sms': None, 'created_at': '2021-08-16T16:14:36.322409292Z', 'country': 'usa'}",2021-08-16 18:14:36.278,https://rendezvousparis.hermes.com/client/register/QJ732E
He,Lishi,US,faubourg,helishizi@hgmail.uu.me,W4JQP7IOW,+12184962686,"{'id': 142953049, 'phone': '+12184962686', 'operator': 'virtual8', 'product': 'other', 'price': 3.5, 'status': 'RECEIVED', 'expires': '2021-08-16T16:34:39.768289697Z', 'sms': None, 'created_at': '2021-08-16T16:14:39.768289697Z', 'country': 'usa'}",2021-08-16 18:14:39.720,https://rendezvousparis.hermes.com/client/register/YNNCNK
Huang,Tongzhou,US,faubourg,zihuangtongzhou@hgmail.uu.me,4HO3JNG47,+12184962728,"{'id': 142953202, 'phone': '+12184962728', 'operator': 'virtual8', 'product': 'other', 'price': 3.5, 'status': 'RECEIVED', 'expires': '2021-08-16T16:34:57.180976873Z', 'sms': None, 'created_at': '2021-08-16T16:14:57.180976873Z', 'country': 'usa'}",2021-08-16 18:14:57.142,https://rendezvousparis.hermes.com/client/register/UZ8MCB
Teng,Zhenqing,US,faubourg,zitengzhenqing@hgmail.uu.me,797TQGV4Z,+13044277961,"{'id': 142953232, 'phone': '+13044277961', 'operator': 'virtual8', 'product': 'other', 'price': 3.5, 'status': 'RECEIVED', 'expires': '2021-08-16T16:35:01.394738066Z', 'sms': None, 'created_at': '2021-08-16T16:15:01.394738066Z', 'country': 'usa'}",2021-08-16 18:15:01.348,https://rendezvousparis.hermes.com/client/register/XQB4FX
Hua,Sihen,US,faubourg,zihuasihen@hgmail.uu.me,ICEV466EO,+12184962748,"{'id': 142953370, 'phone': '+12184962748', 'operator': 'virtual8', 'product': 'other', 'price': 3.5, 'status': 'RECEIVED', 'expires': '2021-08-16T16:35:18.474459276Z', 'sms': None, 'created_at': '2021-08-16T16:15:18.474459276Z', 'country': 'usa'}",2021-08-16 18:15:18.433,https://rendezvousparis.hermes.com/client/register/9FKUBD
Bei,Buta,US,faubourg,zibeibuta@hgmail.uu.me,VSM2HF8PW,+13044278510,"{'id': 142953396, 'phone': '+13044278510', 'operator': 'virtual8', 'product': 'other', 'price': 3.5, 'status': 'RECEIVED', 'expires': '2021-08-16T16:35:22.326691327Z', 'sms': None, 'created_at': '2021-08-16T16:15:22.326691327Z', 'country': 'usa'}",2021-08-16 18:15:22.275,https://rendezvousparis.hermes.com/client/register/Z67678
Liu,Ruzuo,US,faubourg,liuruzuozi@hgmail.uu.me,FDB4WD9PR,+12184962730,"{'id': 142953522, 'phone': '+12184962730', 'operator': 'virtual8', 'product': 'other', 'price': 3.5, 'status': 'RECEIVED', 'expires': '2021-08-16T16:35:43.246207891Z', 'sms': None, 'created_at': '2021-08-16T16:15:43.246207891Z', 'country': 'usa'}",2021-08-16 18:15:43.197,https://rendezvousparis.hermes.com/client/register/8DTN7S
Zhao,Jueluo,US,faubourg,zizhaojueluo@hgmail.uu.me,F1RW0ID5J,+12184962710,"{'id': 142953677, 'phone': '+12184962710', 'operator': 'virtual8', 'product': 'other', 'price': 3.5, 'status': 'RECEIVED', 'expires': '2021-08-16T16:36:04.345373696Z', 'sms': None, 'created_at': '2021-08-16T16:16:04.345373696Z', 'country': 'usa'}",2021-08-16 18:16:04.294,https://rendezvousparis.hermes.com/client/register/JWTPV8
Ji,Huahuo,US,faubourg,zijihuahuo@hgmail.uu.me,8DPH41LGB,+13044277509,"{'id': 142966083, 'phone': '+13044277509', 'operator': 'virtual8', 'product': 'other', 'price': 3.5, 'status': 'RECEIVED', 'expires': '2021-08-16T17:04:27.848283935Z', 'sms': None, 'created_at': '2021-08-16T16:44:27.848283935Z', 'country': 'usa'}",2021-08-16 18:44:27.830,https://rendezvousparis.hermes.com/client/register/ZYE84N
Yu,Jiexie,US,faubourg,yujiziexie@hgmail.uu.me,4PNYZRK2A,+12184962702,"{'id': 142966084, 'phone': '+12184962702', 'operator': 'virtual8', 'product': 'other', 'price': 3.5, 'status': 'RECEIVED', 'expires': '2021-08-16T17:04:27.874687252Z', 'sms': None, 'created_at': '2021-08-16T16:44:27.874687252Z', 'country': 'usa'}",2021-08-16 18:44:27.854,https://rendezvousparis.hermes.com/client/register/H2C3JP
Ren,Tingyu,US,faubourg,rentinzigyu@hgmail.uu.me,F9KBZQOA2,+12184962756,"{'id': 142966086, 'phone': '+12184962756', 'operator': 'virtual8', 'product': 'other', 'price': 3.5, 'status': 'RECEIVED', 'expires': '2021-08-16T17:04:27.960626832Z', 'sms': None, 'created_at': '2021-08-16T16:44:27.960626832Z', 'country': 'usa'}",2021-08-16 18:44:27.942,https://rendezvousparis.hermes.com/client/register/GB89C9
Di,Shunyu,US,faubourg,zidishunyu@hgmail.uu.me,L1YBVCVTP,+12184962768,"{'id': 142966085, 'phone': '+12184962768', 'operator': 'virtual8', 'product': 'other', 'price': 3.5, 'status': 'RECEIVED', 'expires': '2021-08-16T17:04:27.959099169Z', 'sms': None, 'created_at': '2021-08-16T16:44:27.959099169Z', 'country': 'usa'}",2021-08-16 18:44:27.943,https://rendezvousparis.hermes.com/client/register/MVY5F3
